Name,Gender,Race,Date,Distance,Swim,T1,Bike,T2,Run,Total,Swim Distance,Bike Distance,Run Distance,Notes
Oliver Pilon,Male,Rio Grande Tri,4/27/2013,Sprint,0:09:43,0:01:10,0:43:28,0:01:19,0:23:37,1:19:20,365.76,16.09,5,
Oliver Pilon,Male,Rio Grande Tri,4/26/2014,Sprint,0:08:33,0:00:42,0:36:29,0:01:12,0:20:19,1:07:16,365.76,16.09,5,
Oliver Pilon,Male,UNM Spring Fling,4/27/2014,Sprint,,,,,,1:22:03,,,,
Oliver Pilon,Male,Jay Benson Triathlon,5/11/2014,Sprint,0:07:40,0:01:20,0:48:00,,0:23:20,1:20:55,,,,
Oliver Pilon,Male,City of Lakes Triathlon,6/28/2014,Sprint,,,,,,1:51:55,,,,
Oliver Pilon,Male,Patriot Tri,9/13/2014,Sprint,,0:03:19,1:02:19,0:00:46,0:24:42,1:37:55,,,,
Oliver Pilon,Male,Lobo Tri,4/13/2015,Sprint,0:07:55,0:00:54,0:47:20,0:00:35,0:23:06,1:19:48,400,20,5,
Oliver Pilon,Male,Rio Grande Tri,4/25/2015,Sprint,0:08:01,0:00:50,0:35:43,0:00:53,0:20:15,1:05:44,365.76,16.09,5,
Oliver Pilon,Male,City of Lakes Triathlon,6/27/2015,Sprint,,,,,,0:44:31,,,,No Trustable Results
Oliver Pilon,Male,Lobo Tri,4/16/2016,Sprint,,,,,,1:15:22,400,20,5,
Oliver Pilon,Male,Rio Grande Tri,4/23/2016,Sprint,0:07:43,0:01:00,0:33:41,0:00:59,0:18:27,1:01:52,365.76,16.09,5,
Oliver Pilon,Male,City of Lakes Triathlon,6/25/2016,Sprint,0:13:33,0:00:51,0:40:46,0:00:29,0:20:30,1:16:11,750,20,5,
Oliver Pilon,Male,Lobo Tri,4/9/2017,Sprint,,,,,,1:10:17,400,20,5,
Oliver Pilon,Male,Rio Grande Tri,4/29/2017,Sprint,,,,,,1:00:37,365.76,16.09,5,
Oliver Pilon,Male,City of Lakes Triathlon,6/17/2017,Sprint,0:11:45,,0:42:37,,0:20:23,1:16:30,750,20,5,
Oliver Pilon,Male,Lobo Tri,4/8/2018,Sprint,0:07:18,0:00:23,0:44:30,0:00:41,0:19:00,1:11:52,400,20,5,
Oliver Pilon,Male,City of Lakes Triathlon,6/9/2018,Sprint,0:11:49,0:01:18,0:41:09,0:00:38,0:20:37,1:15:30,750,20,5,
Oliver Pilon,Male,City of Lakes Triathlon,8/21/2021,Sprint,0:11:33,0:01:06,0:33:35,0:00:38,0:18:38,1:05:31,750,20,5,
Oliver Pilon,Male,Malibu Triathlon,9/25/2021,Olympic,0:23:46,,1:04:40,,0:36:06,2:08:09,,,,
Oliver Pilon,Male,Tritonman,2/13/2022,Sprint,,,,,,1:02:26,750,21,5,
Oliver Pilon,Male,Stanford Treeathlon,3/6/2022,Sprint,,,,,,1:01:29,600,20,5,
Oliver Pilon,Male,Collegiate Club Nationals,4/2/2022,Olympic,,0:02:11,1:05:41,0:00:44,0:34:38,1:54:49,,,,
Oliver Pilon,Male,City of Lakes Triathlon,6/11/2022,Sprint,0:10:31,0:01:01,0:33:39,0:00:32,0:21:25,1:07:18,750,20,5,
Oliver Pilon,Male,70.3 Wisconsin,9/6/2022,70.3,0:31:10,0:04:58,2:20:45,0:01:29,1:28:27,4:26:49,1931.213,90.12326,21.08241,
Oliver Pilon,Male,Morro Bay Tri,11/6/2022,Olympic,0:25:12,0:01:19,1:04:13,0:01:28,0:37:43,2:09:58,1500,40,10,
Oliver Pilon,Male,Tritonman,2/11/2023,Sprint,0:08:29,0:00:37,0:31:24,0:00:47,0:16:41,0:58:02,,21,5,No Swim
Oliver Pilon,Male,Collegiate Club Nationals,4/15/2023,Olympic,,,,,,2:06:23,,,,
Oliver Pilon,Male,Davis,10/8/2023,Sprint,0:06:33,0:00:34,0:33:57,0:00:27,0:17:13,0:58:46,400,20,5,
Ismael Trejo,Male,Davis,10/8/2023,Sprint,0:09:39,0:01:04,0:43:27,0:01:14,0:27:36,1:23:02,400,20,5,
Joshua Cagney,Male,Davis,10/8/2023,Sprint,0:06:15,0:00:27,0:35:42,0:00:28,0:20:05,1:02:58,400,20,5,
Paige Dolan,Female,Davis,10/8/2023,Sprint,0:06:57,0:00:30,0:39:18,0:00:38,0:23:02,1:10:26,400,20,5,
Peter Tomson,Male,Davis,10/8/2023,Sprint,0:07:18,0:00:29,0:35:40,0:00:39,0:19:05,1:03:13,400,20,5,
Steven Muirhead,Male,Davis,10/8/2023,Sprint,0:06:50,0:01:17,0:41:16,0:00:32,0:20:06,1:10:04,400,20,5,
Ross Gowan,Male,70.3 North Carolina,10/21/2023,70.3,0:31:20,0:03:47,2:36:25,0:03:07,1:26:49,4:41:27,1931.213,90.12326,21.08241,
Oliver Pilon,Male,Bearathlon,10/22/2023,Draft Legal,0:12:48,0:00:40,0:27:45,0:00:31,0:18:31,1:00:13,750,20,5,
Nina Florek,Female,Bearathlon,10/22/2023,Draft Legal,0:14:51,0:00:47,0:35:08,0:00:40,0:24:31,1:15:56,750,20,5,
Abraham Muldrow,Male,Bearathlon,10/22/2023,Sprint,0:17:37,0:01:37,0:28:31,0:01:25,0:25:16,1:14:26,750,20,5,
Anabel Fredman,Female,Bearathlon,10/22/2023,Sprint,0:18:00,0:01:15,0:35:30,0:00:44,0:23:51,1:19:20,750,20,5,
Brenton Duzi,Male,Bearathlon,10/22/2023,Sprint,0:20:30,0:01:12,0:40:50,0:00:57,0:21:20,1:24:50,750,20,5,
Charlie Osborn,Female,Bearathlon,10/22/2023,Sprint,0:16:23,0:01:05,0:33:06,0:00:49,0:25:42,1:17:06,750,20,5,
Cody Balazs,Male,Bearathlon,10/22/2023,Sprint,0:15:00,0:01:06,0:29:35,0:00:57,0:21:23,1:08:01,750,20,5,
Damien Donado,Male,Bearathlon,10/22/2023,Sprint,0:14:27,0:01:36,0:34:30,0:01:12,0:23:06,1:14:51,750,20,5,
Dennis Kurmann,Male,Bearathlon,10/22/2023,Sprint,0:13:45,0:01:22,0:28:10,0:01:00,0:21:46,1:06:04,750,20,5,
Finn Balfe,Male,Bearathlon,10/22/2023,Sprint,0:16:16,0:01:42,0:28:23,0:01:39,0:22:06,1:10:06,750,20,5,
Isaac Ng,Male,Bearathlon,10/22/2023,Sprint,0:12:15,0:01:20,0:31:35,0:01:27,0:22:58,1:09:34,750,20,5,
Liam Lopez,Male,Bearathlon,10/22/2023,Sprint,0:15:42,0:01:49,0:35:58,0:00:32,0:19:34,1:13:35,750,20,5,
Peter Tomson,Male,Bearathlon,10/22/2023,Sprint,0:14:14,0:00:49,0:29:54,0:00:36,0:20:00,1:05:32,750,20,5,
Ryken Thompson,Male,Bearathlon,10/22/2023,Sprint,0:13:28,0:00:45,0:28:23,0:00:48,0:24:39,1:08:02,750,20,5,
Simon Phipps,Male,Bearathlon,10/22/2023,Sprint,0:13:34,0:01:37,0:27:44,0:01:22,0:20:12,1:04:30,750,20,5,
Talulla Miller-Ross,Female,Bearathlon,10/22/2023,Sprint,0:14:36,0:01:46,0:36:49,0:00:58,0:26:41,1:20:50,750,20,5,
Xander Levine,Male,Bearathlon,10/22/2023,Sprint,0:18:57,0:02:54,0:40:49,0:01:01,0:36:27,1:40:08,750,20,5,
Aidan Debruyne,Male,Morro Bay Tri,11/5/2023,Olympic,0:25:27,0:03:44,1:17:52,0:02:01,0:50:48,2:39:53,1500,40,10,
Aidan Inoue,Male,Morro Bay Tri,11/5/2023,Olympic,0:23:45,0:02:59,1:15:13,0:02:34,0:33:45,2:18:16,1500,40,10,
Alyssa Harriman,Female,Morro Bay Tri,11/5/2023,Olympic,0:25:17,0:04:52,1:36:12,0:02:32,0:38:22,2:47:17,1500,40,10,
Asher Abreu,Male,Morro Bay Tri,11/5/2023,Olympic,0:26:54,0:04:32,1:18:45,0:02:48,0:46:09,2:39:10,1500,40,10,
Bella Demeo,Female,Morro Bay Tri,11/5/2023,Olympic,0:35:28,0:04:23,1:27:29,0:02:50,0:54:48,3:04:59,1500,40,10,
Blake Ward,Male,Morro Bay Tri,11/5/2023,Olympic,0:44:37,0:05:05,1:28:39,0:04:02,1:01:20,3:23:44,1500,40,10,
Charlie Osborn,Female,Morro Bay Tri,11/5/2023,Olympic,0:29:13,0:02:51,1:19:09,0:02:02,0:48:21,2:41:37,1500,40,10,
Damien Donado,Male,Morro Bay Tri,11/5/2023,Olympic,0:23:47,0:02:43,1:11:43,0:01:50,0:47:56,2:28:02,1500,40,10,
Elan Preis,Male,Morro Bay Tri,11/5/2023,Olympic,0:27:03,0:02:57,1:10:12,0:02:40,0:43:09,2:26:02,1500,40,10,
Gavin Rose,Male,Morro Bay Tri,11/5/2023,Olympic,0:26:15,0:03:53,1:20:02,0:02:20,0:48:48,2:41:20,1500,40,10,
Jackie Tang,Male,Morro Bay Tri,11/5/2023,Olympic,0:29:44,0:03:34,1:12:34,0:01:58,0:46:26,2:34:19,1500,40,10,
Kayla Wrobel,Female,Morro Bay Tri,11/5/2023,Olympic,0:29:05,0:02:56,1:25:34,0:01:56,0:54:12,2:53:45,1500,40,10,
Kelsey McDonald,Female,Morro Bay Tri,11/5/2023,Olympic,0:27:10,0:04:52,1:26:16,0:02:02,0:45:31,2:45:53,1500,40,10,
Mathew Shaham,Male,Morro Bay Tri,11/5/2023,Olympic,0:32:36,0:04:49,1:13:56,0:03:09,0:41:17,2:35:49,1500,40,10,
Nina Florek,Female,Morro Bay Tri,11/5/2023,Olympic,0:26:38,0:02:11,1:13:08,0:01:44,0:47:32,2:31:14,1500,40,10,
Noah Alikian,Male,Morro Bay Tri,11/5/2023,Olympic,0:33:06,0:04:51,1:21:06,0:03:26,0:54:24,2:56:54,1500,40,10,
Paige Dolan,Female,Morro Bay Tri,11/5/2023,Olympic,0:25:19,0:03:07,1:14:21,0:02:22,0:50:47,2:35:58,1500,40,10,
Reka Vasicsek,Female,Morro Bay Tri,11/5/2023,Olympic,0:25:34,0:05:14,1:19:01,0:02:59,0:49:14,2:42:04,1500,40,10,
Sarah Marks,Female,Morro Bay Tri,11/5/2023,Olympic,0:27:44,0:02:21,1:12:47,0:01:55,0:43:42,2:28:31,1500,40,10,
Aidan Hicks,Male,Morro Bay Tri,11/5/2023,Sprint,0:19:29,0:04:12,0:36:34,0:02:21,0:26:19,1:28:58,750,20.5,5.4,
Allan Pham,Male,Morro Bay Tri,11/5/2023,Sprint,0:19:41,0:04:22,0:36:17,0:02:24,0:27:10,1:29:55,750,20.5,5.4,
Casey Lavin,Male,Morro Bay Tri,11/5/2023,Sprint,0:13:19,0:03:45,0:38:47,0:02:15,0:32:53,1:31:01,750,20.5,5.4,
Colter Purcell,Male,Morro Bay Tri,11/5/2023,Sprint,0:11:36,0:02:10,0:27:49,0:01:39,0:21:44,1:05:00,750,20.5,5.4,
Ellie Delurgio,Female,Morro Bay Tri,11/5/2023,Sprint,0:14:38,0:04:59,0:40:45,0:01:51,0:31:42,1:33:57,750,20.5,5.4,
Finn Balfe,Male,Morro Bay Tri,11/5/2023,Sprint,0:14:22,0:02:42,0:27:29,0:02:29,0:24:36,1:11:40,750,20.5,5.4,
Garrett Reinhard,Male,Morro Bay Tri,11/5/2023,Sprint,0:16:46,0:03:09,0:39:40,0:04:07,0:28:09,1:31:52,750,20.5,5.4,
Isaac Ng,Male,Morro Bay Tri,11/5/2023,Sprint,0:11:07,0:02:51,0:31:11,0:02:18,0:25:17,1:12:46,750,20.5,5.4,
Ismael Trejo,Male,Morro Bay Tri,11/5/2023,Sprint,0:18:24,0:03:39,0:36:52,0:03:13,0:36:10,1:38:19,750,20.5,5.4,
Joshua Cagney,Male,Morro Bay Tri,11/5/2023,Sprint,0:11:16,0:01:51,0:29:53,0:01:43,0:26:08,1:10:52,750,20.5,5.4,
Joslen Jimenez,Female,Morro Bay Tri,11/5/2023,Sprint,0:22:08,0:05:28,0:52:08,0:02:45,0:35:33,1:58:05,750,20.5,5.4,
Liam Lopez,Male,Morro Bay Tri,11/5/2023,Sprint,0:13:37,0:02:57,0:33:45,0:02:02,0:24:39,1:17:02,750,20.5,5.4,
Libby Hodge,Female,Morro Bay Tri,11/5/2023,Sprint,0:12:58,0:03:03,0:38:07,0:02:06,0:35:16,1:31:31,750,20.5,5.4,
Luke Calderon,Male,Morro Bay Tri,11/5/2023,Sprint,0:20:31,0:05:07,0:41:27,0:02:34,0:44:29,1:54:09,750,20.5,5.4,
Max Vavrek,Male,Morro Bay Tri,11/5/2023,Sprint,0:12:53,0:02:53,1:05:54,0:02:53,0:29:19,1:53:53,750,20.5,5.4,
Maxwell Casem,Male,Morro Bay Tri,11/5/2023,Sprint,0:11:25,0:03:53,0:37:14,0:03:02,0:28:50,1:24:26,750,20.5,5.4,
Nora Reidinger,Female,Morro Bay Tri,11/5/2023,Sprint,0:12:08,0:03:50,0:36:59,0:02:00,0:39:00,1:33:58,750,20.5,5.4,
Peter Tomson,Male,Morro Bay Tri,11/5/2023,Sprint,0:12:32,0:01:57,0:28:33,0:01:25,0:22:44,1:07:13,750,20.5,5.4,
Ryken Thompson,Male,Morro Bay Tri,11/5/2023,Sprint,0:11:44,0:01:56,0:27:32,0:01:36,0:25:54,1:08:44,750,20.5,5.4,
Selby Anderson,Female,Morro Bay Tri,11/5/2023,Sprint,0:12:57,0:02:58,0:35:00,0:02:09,0:31:25,1:24:32,750,20.5,5.4,
Sophie Russ,Female,Morro Bay Tri,11/5/2023,Sprint,0:18:32,0:03:55,0:41:37,0:02:26,0:32:34,1:39:06,750,20.5,5.4,
Ty Hejny,Male,Morro Bay Tri,11/5/2023,Sprint,0:12:46,0:03:06,0:36:09,0:02:09,0:26:02,1:20:15,750,20.5,5.4,
Tyler Revak,Male,Morro Bay Tri,11/5/2023,Sprint,0:12:58,0:02:48,0:31:30,0:02:20,0:27:37,1:17:16,750,20.5,5.4,
Xander Levine,Male,Morro Bay Tri,11/5/2023,Sprint,0:17:21,0:04:45,0:39:15,0:02:40,0:41:29,1:45:32,750,20.5,5.4,
Oliver Pilon,Male,Kendras,11/12/2023,Sprint,0:11:12,0:00:27,0:33:55,0:00:19,0:18:15,1:04:11,800,20.9,5,
Aidan Hicks,Male,Kendras,11/12/2023,Sprint,0:19:07,0:02:35,0:41:23,0:02:07,0:20:49,1:26:02,800,20.9,5,
Corey Niessner,Female,Kendras,11/12/2023,Sprint,0:34:53,0:02:37,0:45:31,0:00:58,0:27:58,1:51:59,800,20.9,5,
Finn Balfe,Male,Kendras,11/12/2023,Sprint,0:13:17,0:01:10,0:32:43,0:01:04,0:21:09,1:09:25,800,20.9,5,
Liam Lopez,Male,Kendras,11/12/2023,Sprint,0:14:00,0:01:43,0:40:51,0:01:24,0:20:19,1:18:20,800,20.9,5,
Libby Hodge,Female,Kendras,11/12/2023,Sprint,0:13:50,0:01:43,0:46:49,0:00:40,0:28:20,1:31:23,800,20.9,5,
Lotte De Jager,Female,Kendras,11/12/2023,Sprint,0:15:52,0:02:11,0:43:43,0:01:19,0:26:14,1:29:21,800,20.9,5,
Paige Dolan,Female,Kendras,11/12/2023,Sprint,0:12:32,0:01:06,0:39:37,0:00:48,0:24:09,1:18:15,800,20.9,5,
Ryken Thompson,Male,Kendras,11/12/2023,Sprint,,,0:33:43,,0:25:15,1:11:12,800,20.9,5,
Simon Phipps,Male,Kendras,11/12/2023,Sprint,0:11:15,0:00:35,0:33:37,0:00:32,0:18:54,1:04:55,800,20.9,5,
Xander Levine,Male,Kendras,11/12/2023,Sprint,0:16:55,0:02:26,0:46:15,0:00:50,0:34:37,1:41:06,800,20.9,5,
Oliver Pilon,Male,Zot Trot,2/4/2024,Sprint,0:03:42,0:00:24,0:33:42,0:00:32,0:20:00,0:58:21,228.6,19.31,5.95,
Gavin Rose,Male,Zot Trot,2/4/2024,Sprint,0:03:56,0:00:37,0:41:42,0:00:34,0:29:10,1:16:00,228.6,19.31,5.95,
Kelsey McDonald,Female,Zot Trot,2/4/2024,Sprint,0:04:16,0:00:56,0:41:24,0:00:55,0:24:48,1:12:21,228.6,19.31,5.95,
Maxwell Casem,Male,Zot Trot,2/4/2024,Sprint,0:03:50,0:00:48,0:45:08,0:01:38,0:26:06,1:17:32,228.6,19.31,5.95,
Simon Phipps,Male,Zot Trot,2/4/2024,Sprint,0:04:08,0:00:39,0:34:30,0:00:54,0:20:52,1:01:03,228.6,19.31,5.95,
Oliver Pilon,Male,Tritonman,2/10/2024,Draft Legal,,0:00:23,0:30:09,0:00:31,0:16:29,0:52:37,,21,5,No Swim
Oliver Pilon,Male,Tritonman,2/11/2024,Sprint,,0:00:23,0:30:09,0:00:31,0:16:29,0:53:39,,21,5,No Swim
Aarnav Bahl,Male,Tritonman,2/11/2024,Sprint,,0:01:07,0:38:25,0:02:10,0:20:24,,,21,5,No Swim
Abigail Baker,Female,Tritonman,2/11/2024,Sprint,,0:01:03,0:48:52,0:00:29,0:23:47,,,21,5,No Swim
Aidan Debruyne,Male,Tritonman,2/11/2024,Sprint,,0:01:01,0:40:13,0:03:15,0:23:25,,,21,5,No Swim
Aidan Hicks,Male,Tritonman,2/11/2024,Sprint,,0:01:51,0:39:35,0:01:39,0:18:40,,,21,5,No Swim
Allan Pham,Male,Tritonman,2/11/2024,Sprint,,0:01:10,0:41:13,0:01:02,0:19:11,,,21,5,No Swim
Allison Nocon,Female,Tritonman,2/11/2024,Sprint,,0:00:50,0:43:37,0:00:46,0:25:12,,,21,5,No Swim
Alyssa Harriman,Female,Tritonman,2/11/2024,Sprint,,0:01:09,0:43:16,0:00:44,0:24:24,,,21,5,No Swim
Brenton Duzi,Male,Tritonman,2/11/2024,Sprint,,0:01:23,0:38:19,0:01:07,0:18:51,,,21,5,No Swim
Casey Wolf,Male,Tritonman,2/11/2024,Sprint,,0:01:07,0:38:00,0:00:49,0:18:47,,,21,5,No Swim
Charlie Osborn,Female,Tritonman,2/11/2024,Sprint,,0:00:58,0:35:25,0:00:45,0:23:19,,,21,5,No Swim
Cody Balazs,Male,Tritonman,2/11/2024,Sprint,,0:00:52,0:32:43,0:00:44,0:17:56,,,21,5,No Swim
Colter Purcell,Male,Tritonman,2/11/2024,Sprint,,0:01:01,0:31:10,0:00:36,0:16:36,,,21,5,No Swim
Elan Preis,Male,Tritonman,2/11/2024,Sprint,,0:01:07,0:37:01,0:00:42,0:21:41,,,21,5,No Swim
Eleanor Yarkin,Female,Tritonman,2/11/2024,Sprint,,0:00:42,0:38:38,0:00:42,0:21:15,,,21,5,No Swim
Euan Houston,Male,Tritonman,2/11/2024,Sprint,,0:00:29,0:34:48,0:00:24,0:17:31,,,21,5,No Swim
Gavin Rose,Male,Tritonman,2/11/2024,Sprint,,0:00:39,0:39:09,0:00:34,0:21:16,,,21,5,No Swim
Ginger Fitzpatrick,Female,Tritonman,2/11/2024,Sprint,,0:01:06,0:42:06,0:00:43,0:21:57,,,21,5,No Swim
Holly Dufek,Female,Tritonman,2/11/2024,Sprint,,0:00:43,0:38:46,0:00:31,0:19:50,,,21,5,No Swim
Ian Schaub,Male,Tritonman,2/11/2024,Sprint,,0:01:25,0:44:13,0:00:59,0:20:16,,,21,5,No Swim
Isaac Ng,Male,Tritonman,2/11/2024,Sprint,,0:01:26,0:27:59,0:02:38,0:21:15,,,21,5,No Swim
Isabella De Meo,Female,Tritonman,2/11/2024,Sprint,,0:01:04,0:43:45,0:02:02,0:23:54,,,21,5,No Swim
Jasper Fuhs,Male,Tritonman,2/11/2024,Sprint,,0:01:23,0:37:53,0:00:54,0:17:02,,,21,5,No Swim
Kayla Wrobel,Female,Tritonman,2/11/2024,Sprint,,0:00:45,0:43:13,0:00:33,0:23:33,,,21,5,No Swim
Liam Drew,Male,Tritonman,2/11/2024,Sprint,,,,0:00:44,0:17:59,,,21,5,No Swim
Liam Lopez,Male,Tritonman,2/11/2024,Sprint,,0:00:52,0:41:11,0:02:53,0:18:59,,,21,5,No Swim
Lotte De Jager,Female,Tritonman,2/11/2024,Sprint,,0:01:22,0:46:11,0:01:32,0:22:57,,,21,5,No Swim
Maxwell Casem,Male,Tritonman,2/11/2024,Sprint,,0:01:10,0:42:47,0:01:02,0:20:51,,,21,5,No Swim
Melissa Cichon,Female,Tritonman,2/11/2024,Sprint,,0:00:44,0:45:39,0:00:33,0:20:21,,,21,5,No Swim
Nina Florek,Female,Tritonman,2/11/2024,Sprint,,0:00:32,0:39:33,0:00:26,0:22:01,,,21,5,No Swim
Paige Dolan,Female,Tritonman,2/11/2024,Sprint,,0:00:48,0:38:20,0:00:42,0:21:42,,,21,5,No Swim
Patrick Goodrich,Male,Tritonman,2/11/2024,Sprint,,0:00:24,0:35:42,0:00:25,0:16:07,,,21,5,No Swim
Peter Tomson,Male,Tritonman,2/11/2024,Sprint,,0:00:28,0:33:05,0:00:50,0:17:28,,,21,5,No Swim
Ross Gowan,Male,Tritonman,2/11/2024,Sprint,,0:00:54,0:35:42,0:01:09,0:17:07,,,21,5,No Swim
Ryken Thompson,Male,Tritonman,2/11/2024,Sprint,,,,0:00:33,0:22:45,,,21,5,No Swim
Sarah Marks,Female,Tritonman,2/11/2024,Sprint,,0:00:40,0:38:39,0:00:37,0:20:26,,,21,5,No Swim
Selby Anderson,Female,Tritonman,2/11/2024,Sprint,,0:00:50,0:40:06,0:00:36,0:22:31,,,21,5,No Swim
Simon Phipps,Male,Tritonman,2/11/2024,Sprint,,0:00:43,0:31:46,0:00:39,0:17:21,,,21,5,No Swim
Sophie Russ,Female,Tritonman,2/11/2024,Sprint,,0:00:31,0:50:42,0:00:41,0:24:17,,,21,5,No Swim
Ty Hejny,Male,Tritonman,2/11/2024,Sprint,,,,0:00:41,0:19:50,,,21,5,No Swim
Simon Phipps,Male,Stanford Treeathlon,3/3/2024,Draft Legal,0:12:19,0:01:20,0:29:04,0:01:03,0:19:03,1:03:19,600,20,5,
Colter Purcell,Male,Stanford Treeathlon,3/3/2024,Draft Legal,0:12:01,0:01:03,0:29:35,0:01:05,0:17:06,1:00:52,600,20,5,
Dennis Kurmann,Male,Stanford Treeathlon,3/3/2024,Draft Legal,0:13:00,0:01:49,0:31:41,0:01:32,0:19:33,1:07:37,600,20,5,
Oliver Pilon,Male,Stanford Treeathlon,3/3/2024,Sprint,0:11:01,0:01:35,0:29:47,0:01:17,0:17:24,1:01:05,600,20,5,
Aarnav Bahl,Male,Stanford Treeathlon,3/3/2024,Sprint,0:17:37,0:01:54,0:35:20,0:02:37,0:20:28,1:17:58,600,20,5,
Allan Pham,Male,Stanford Treeathlon,3/3/2024,Sprint,0:18:28,0:00:42,0:37:30,0:01:42,0:20:02,1:20:26,600,20,5,
Charlie Osborn,Female,Stanford Treeathlon,3/3/2024,Sprint,0:13:58,0:01:38,0:32:29,0:01:38,0:24:04,1:13:49,600,20,5,
Cody Balazs,Male,Stanford Treeathlon,3/3/2024,Sprint,0:13:16,0:00:57,0:30:45,0:01:31,0:19:02,1:05:32,600,20,5,
Eleanor Yarkin,Female,Stanford Treeathlon,3/3/2024,Sprint,0:13:45,0:01:40,0:36:35,0:01:57,0:21:15,1:15:14,600,20,5,
Euan Houston,Male,Stanford Treeathlon,3/3/2024,Sprint,0:16:43,0:01:56,0:33:10,0:01:15,0:16:55,1:10:01,600,20,5,
Gavin Rose,Male,Stanford Treeathlon,3/3/2024,Sprint,0:16:01,,0:36:12,0:01:37,0:21:48,1:14:39,600,20,5,
Holly Dufek,Female,Stanford Treeathlon,3/3/2024,Sprint,0:13:18,0:01:35,0:37:03,0:01:07,0:21:31,1:14:56,600,20,5,
Joshua Cagney,Male,Stanford Treeathlon,3/3/2024,Sprint,0:12:43,0:01:00,0:32:50,0:01:35,0:21:51,1:10:00,600,20,5,
Kate Lima,Female,Stanford Treeathlon,3/3/2024,Sprint,0:15:33,0:02:02,0:48:42,0:01:26,0:26:22,1:34:07,600,20,5,
Kelsey McDonald,Female,Stanford Treeathlon,3/3/2024,Sprint,0:13:06,0:01:30,0:34:22,0:01:41,0:20:06,1:10:47,600,20,5,
Liam Drew,Male,Stanford Treeathlon,3/3/2024,Sprint,0:14:10,0:00:56,0:35:38,0:01:52,0:17:47,1:10:24,600,20,5,
Maxwell Casem,Male,Stanford Treeathlon,3/3/2024,Sprint,0:12:12,0:01:43,0:39:52,0:00:49,0:22:12,1:16:51,600,20,5,
Nina Florek,Female,Stanford Treeathlon,3/3/2024,Sprint,0:13:16,0:01:08,0:34:42,0:01:22,0:22:14,1:12:44,600,20,5,
Paige Dolan,Female,Stanford Treeathlon,3/3/2024,Sprint,0:13:14,0:01:29,0:36:11,0:00:58,0:22:55,1:14:49,600,20,5,
Patrick Goodrich,Male,Stanford Treeathlon,3/3/2024,Sprint,0:14:21,0:01:22,0:33:48,0:02:21,0:17:07,1:09:01,600,20,5,
Peter Tomson,Male,Stanford Treeathlon,3/3/2024,Sprint,0:13:38,0:01:02,0:31:49,0:01:25,0:18:48,1:06:42,600,20,5,
Ross Gowan,Male,Stanford Treeathlon,3/3/2024,Sprint,0:12:55,0:00:59,0:31:47,0:01:23,0:17:44,1:04:50,600,20,5,
Ryken Thompson,Male,Stanford Treeathlon,3/3/2024,Sprint,0:12:41,0:01:00,0:29:49,0:01:23,0:19:04,1:03:59,600,20,5,
Aidan Hicks,Male,MTS,3/23/2024,Olympic,0:37:23,0:03:50,1:21:31,0:02:21,0:42:22,2:47:27,1500,40,10,
Allan Pham,Male,MTS,3/23/2024,Olympic,,,1:29:31,,0:42:04,2:49:02,1500,40,10,
Alyssa Harriman,Female,MTS,3/23/2024,Olympic,,,1:44:45,,0:55:47,3:33:18,1500,40,10,
Billy Woodward,Male,MTS,3/23/2024,Olympic,,,1:20:44,,0:48:57,2:39:41,1500,40,10,
Casey Wolf,Male,MTS,3/23/2024,Olympic,0:28:32,0:02:28,1:19:58,0:01:07,0:40:26,2:32:30,1500,40,10,
Charlie Osborn,Female,MTS,3/23/2024,Olympic,0:26:30,0:01:08,1:16:34,0:01:07,0:52:41,2:38:00,1500,40,10,
Cody Balazs,Male,MTS,3/23/2024,Olympic,0:24:02,0:01:33,1:07:35,0:01:11,0:37:35,2:10:05,1500,40,10,
Colter Purcell,Male,MTS,3/23/2024,Olympic,0:21:15,0:01:52,1:03:50,0:00:51,0:34:03,2:01:51,1500,40,10,
Eleanor Yarkin,Female,MTS,3/23/2024,Olympic,,,1:23:38,,0:44:43,2:36:03,1500,40,10,
Ian Schaub,Male,MTS,3/23/2024,Olympic,,,1:33:54,,0:48:33,2:53:49,1500,40,10,
Kayla Wrobel,Female,MTS,3/23/2024,Olympic,0:26:26,0:01:41,1:36:51,0:00:53,0:53:05,2:58:55,1500,40,10,
Luke Stewart,Male,MTS,3/23/2024,Olympic,0:31:40,0:05:53,1:19:02,0:01:39,0:42:55,2:51:09,1500,40,10,
Patrick Goodrich,Male,MTS,3/23/2024,Olympic,0:26:39,0:01:33,1:12:57,0:00:54,0:32:54,2:14:57,1500,40,10,
Ryken Thompson,Male,MTS,3/23/2024,Olympic,0:21:36,0:00:43,1:16:55,0:00:39,0:37:26,2:17:20,1500,40,10,
Simon Phipps,Male,MTS,3/23/2024,Olympic,,,1:03:54,,0:36:34,2:03:39,1500,40,10,
Euan Houston,Male,MTS,3/23/2024,Olympic,0:27:25,0:02:23,1:11:13,0:00:33,0:35:59,2:17:33,1500,40,10,
Nina Florek,Female,Collegiate Club Nationals,4/13/2024,Draft Legal,0:12:36,0:00:47,0:38:11,0:00:40,0:23:35,1:11:46,,,,
Kelsey McDonald,Female,Collegiate Club Nationals,4/13/2024,Draft Legal,0:12:32,0:00:59,0:36:15,0:00:41,0:20:11,1:06:36,,,,
Oliver Pilon,Male,Collegiate Club Nationals,4/13/2024,Draft Legal,0:11:03,0:00:39,0:28:53,0:00:31,0:16:17,0:57:21,,,,
Colter Purcell,Male,Collegiate Club Nationals,4/13/2024,Draft Legal,0:11:19,0:00:42,0:28:36,0:01:13,0:16:02,0:57:50,,,,
Oliver Pilon,Male,Collegiate Club Nationals,4/14/2024,Olympic,0:22:46,0:00:43,0:59:45,0:00:53,0:36:44,2:00:49,,,,
Colter Purcell,Male,Collegiate Club Nationals,4/14/2024,Olympic,0:22:37,0:00:57,1:00:02,0:01:29,0:35:31,2:00:33,,,,
Simon Phipps,Male,Collegiate Club Nationals,4/14/2024,Olympic,0:22:47,0:01:09,1:01:00,0:01:00,0:39:52,2:05:47,,,,
Cody Balazs,Male,Collegiate Club Nationals,4/14/2024,Olympic,0:24:54,0:01:14,1:01:14,0:01:14,0:37:35,2:06:10,,,,
Ryken Thompson,Male,Collegiate Club Nationals,4/14/2024,Olympic,0:23:12,0:01:10,1:02:39,0:01:03,0:44:21,4:02:23,,,,
Patrick Goodrich,Male,Collegiate Club Nationals,4/14/2024,Olympic,0:28:54,0:01:32,1:07:06,0:01:43,0:33:13,2:12:27,,,,
Dennis Kurmann,Male,Collegiate Club Nationals,4/14/2024,Olympic,0:24:52,0:01:40,1:04:28,0:01:43,0:40:39,2:13:19,,,,
Ross Gowan,Male,Collegiate Club Nationals,4/14/2024,Olympic,0:25:12,0:00:53,1:08:03,0:01:38,0:39:16,2:15:00,,,,
Joshua Cagney,Male,Collegiate Club Nationals,4/14/2024,Olympic,0:23:00,0:01:16,1:08:52,0:01:47,0:41:41,2:16:35,,,,
Liam Drew,Male,Collegiate Club Nationals,4/14/2024,Olympic,0:27:12,0:01:24,1:13:04,0:02:05,0:38:51,2:22:34,,,,
Elan Preis,Male,Collegiate Club Nationals,4/14/2024,Olympic,0:27:25,0:01:25,1:08:34,0:01:23,0:45:49,2:24:46,,,,
Casey Wolf,Male,Collegiate Club Nationals,4/14/2024,Olympic,0:31:40,0:02:20,1:13:46,0:01:33,0:39:14,2:28:30,,,,
Jasper Fuhs,Male,Collegiate Club Nationals,4/14/2024,Olympic,0:37:18,0:02:42,1:09:56,0:01:44,0:37:54,2:29:33,,,,
Billy Woodward,Male,Collegiate Club Nationals,4/14/2024,Olympic,0:29:56,0:02:09,1:13:28,0:02:01,0:46:14,2:33:45,,,,
Abraham Muldrow,Male,Collegiate Club Nationals,4/14/2024,Olympic,0:31:07,0:00:34,1:16:49,0:00:31,0:50:43,2:39:42,,,,
Maxwell Casem,Male,Collegiate Club Nationals,4/14/2024,Olympic,0:22:51,0:02:06,1:23:01,0:03:42,0:49:23,2:41:01,,,,
Aarnav Bahl,Male,Collegiate Club Nationals,4/14/2024,Olympic,,,1:15:25,0:02:38,0:46:21,2:42:38,,,,
Allan Pham,Male,Collegiate Club Nationals,4/14/2024,Olympic,0:35:29,0:01:55,1:22:36,0:02:20,0:40:52,2:43:10,,,,
Peter Tomson,Male,Collegiate Club Nationals,4/14/2024,Olympic,0:24:20,0:01:18,1:06:32,0:00:59,0:37:05,2:10:12,,,,
Isaac Ng,Male,Collegiate Club Nationals,4/14/2024,Olympic,0:22:25,0:02:18,1:16:13,0:02:05,0:53:45,2:36:43,,,,
Paige Dolan,Female,Collegiate Club Nationals,4/14/2024,Olympic,0:24:15,0:01:07,1:13:27,0:01:52,0:43:57,2:24:37,,,,
Nina Florek,Female,Collegiate Club Nationals,4/14/2024,Olympic,0:27:29,0:00:59,1:24:22,0:01:48,0:54:47,2:48:24,,,,
Kelsey McDonald,Female,Collegiate Club Nationals,4/14/2024,Olympic,0:26:31,0:00:59,1:01:47,0:01:51,0:48:43,2:30:49,,,,
Charlie Osborn,Female,Collegiate Club Nationals,4/14/2024,Olympic,0:28:21,0:01:20,1:12:00,0:01:31,0:49:32,2:32:42,,,,
Holly Dufek,Female,Collegiate Club Nationals,4/14/2024,Olympic,0:28:20,0:01:14,1:20:43,0:01:27,0:46:16,2:37:58,,,,
Eleanor Yarkin,Female,Collegiate Club Nationals,4/14/2024,Olympic,0:27:27,0:01:09,1:17:39,0:01:33,0:45:10,2:32:56,,,,
Bella Demeo,Female,Collegiate Club Nationals,4/14/2024,Olympic,0:36:44,0:01:49,1:34:16,0:03:00,0:56:50,3:12:37,,,,
Oliver Pilon,Male,70.3 Morro Bay,5/19/2024,70.3,0:35:06,0:02:44,2:19:54,0:01:28,1:31:12,4:30:23,1931.213,90.12326,21.08241,
Colter Purcell,Male,San Diego International Triathlon,6/23/2024,Sprint,0:07:49,0:01:13,0:30:42,0:01:05,0:20:07,1:00:55,,,,
Ian Schaub,Male,San Diego International Triathlon,6/23/2024,Sprint,0:10:59,0:02:07,0:39:27,0:01:36,0:23:53,1:18:01,,,,
Ty Hejny,Male,San Diego International Triathlon,6/23/2024,Sprint,0:08:37,0:02:02,0:38:59,0:01:57,0:23:47,1:15:20,,,,
Scott Machado,Male,Mountain Man Tri,8/11/2024,Olympic,0:25:25,0:01:17,1:14:22,0:01:01,0:52:30,2:34:36,1500,40,10,